{"conv1": {"0.1": 0.69758, "0.2": 0.69628, "0.3": 0.66486, "0.4": 0.63998, "0.5": 0.40446, "0.6": 0.17572, "0.7": 0.0513, "0.8": 0.00912, "0.9": 0.00252}, "layer1.0.conv1": {"0.1": 0.6184, "0.2": 0.56724, "0.3": 0.46658, "0.4": 0.26652, "0.5": 0.03724, "0.6": 0.00526, "0.7": 0.00224, "0.8": 0.00134, "0.9": 0.00154}, "layer1.0.conv2": {"0.1": 0.69364, "0.2": 0.66998, "0.3": 0.63758, "0.4": 0.57806, "0.5": 0.49072, "0.6": 0.3923, "0.7": 0.29208, "0.8": 0.22756, "0.9": 0.13204}, "layer1.1.conv1": {"0.1": 0.69226, "0.2": 0.53356, "0.3": 0.4635, "0.4": 0.31258, "0.5": 0.29752, "0.6": 0.20892, "0.7": 0.03944, "0.8": 0.00462, "0.9": 0.00294}, "layer1.1.conv2": {"0.1": 0.68558, "0.2": 0.68046, "0.3": 0.65742, "0.4": 0.64604, "0.5": 0.58418, "0.6": 0.49646, "0.7": 0.42286, "0.8": 0.29314, "0.9": 0.2182}, "layer2.0.conv1": {"0.1": 0.67422, "0.2": 0.65438, "0.3": 0.58852, "0.4": 0.41812, "0.5": 0.217, "0.6": 0.12252, "0.7": 0.04556, "0.8": 0.01092, "0.9": 0.0047}, "layer2.0.conv2": {"0.1": 0.67658, "0.2": 0.65064, "0.3": 0.56644, "0.4": 0.48068, "0.5": 0.30716, "0.6": 0.10556, "0.7": 0.04538, "0.8": 0.00896, "0.9": 0.00292}, "layer2.0.downsample.0": {"0.1": 0.69458, "0.2": 0.69154, "0.3": 0.68408, "0.4": 0.674, "0.5": 0.65042, "0.6": 0.63148, "0.7": 0.55358, "0.8": 0.36316, "0.9": 0.10004}, "layer2.1.conv1": {"0.1": 0.68358, "0.2": 0.63694, "0.3": 0.5857, "0.4": 0.44164, "0.5": 0.3396, "0.6": 0.33816, "0.7": 0.27414, "0.8": 0.27138, "0.9": 0.08608}, "layer2.1.conv2": {"0.1": 0.69398, "0.2": 0.68738, "0.3": 0.68134, "0.4": 0.67016, "0.5": 0.64698, "0.6": 0.63132, "0.7": 0.617, "0.8": 0.56792, "0.9": 0.14192}, "layer3.0.conv1": {"0.1": 0.66616, "0.2": 0.61398, "0.3": 0.47286, "0.4": 0.3268, "0.5": 0.18236, "0.6": 0.06428, "0.7": 0.01578, "0.8": 0.00452, "0.9": 0.00174}, "layer3.0.conv2": {"0.1": 0.67678, "0.2": 0.6465, "0.3": 0.58696, "0.4": 0.51116, "0.5": 0.3842, "0.6": 0.23248, "0.7": 0.07582, "0.8": 0.01138, "0.9": 0.00198}, "layer3.0.downsample.0": {"0.1": 0.6968, "0.2": 0.69668, "0.3": 0.69608, "0.4": 0.69564, "0.5": 0.69424, "0.6": 0.69152, "0.7": 0.6882, "0.8": 0.6863, "0.9": 0.68086}, "layer3.1.conv1": {"0.1": 0.679, "0.2": 0.5701, "0.3": 0.56088, "0.4": 0.48754, "0.5": 0.29994, "0.6": 0.23794, "0.7": 0.12304, "0.8": 0.0234, "0.9": 0.00784}, "layer3.1.conv2": {"0.1": 0.69508, "0.2": 0.68838, "0.3": 0.68244, "0.4": 0.67178, "0.5": 0.661, "0.6": 0.65336, "0.7": 0.62284, "0.8": 0.5945, "0.9": 0.40638}, "layer4.0.conv1": {"0.1": 0.64344, "0.2": 0.48838, "0.3": 0.2883, "0.4": 0.1415, "0.5": 0.03526, "0.6": 0.043, "0.7": 0.00662, "0.8": 0.00456, "0.9": 0.00514}, "layer4.0.conv2": {"0.1": 0.66844, "0.2": 0.64218, "0.3": 0.5877, "0.4": 0.53586, "0.5": 0.46478, "0.6": 0.38808, "0.7": 0.2627, "0.8": 0.16022, "0.9": 0.09394}, "layer4.0.downsample.0": {"0.1": 0.69552, "0.2": 0.6902, "0.3": 0.68554, "0.4": 0.67638, "0.5": 0.66946, "0.6": 0.6586, "0.7": 0.64488, "0.8": 0.62326, "0.9": 0.59404}, "layer4.1.conv1": {"0.1": 0.3997, "0.2": 0.4135, "0.3": 0.26336, "0.4": 0.14946, "0.5": 0.0524, "0.6": 0.03984, "0.7": 0.0055, "0.8": 0.00164, "0.9": 0.00102}, "layer4.1.conv2": {"0.1": 0.68966, "0.2": 0.6756, "0.3": 0.6575, "0.4": 0.632, "0.5": 0.5991, "0.6": 0.54374, "0.7": 0.46564, "0.8": 0.3275, "0.9": 0.12894}}